24.9997749464,4.44642206103e-05,4.23209084371e-05,3.24580336287e-05,5.80953700568e-05,-1.36300574374e-05
24.9997749464,4.44642206103e-05,4.23209084371e-05,3.24580336287e-05,5.80953700568e-05,-1.36300574374e-05
24.9999482483,0.147614352199,-1.8221083509e-06,0.000484480122386,-0.000183937864883,0.00469622602488
24.9974066947,0.379266297654,-0.000186842744829,0.000207288087573,-4.5815106895e-05,0.00135967257654
24.9924658149,0.530339589403,8.55343713576e-05,0.000239247635584,0.000216163781152,0.000908400007029
24.9891807813,0.692641192938,0.000225178330426,0.000135815209207,7.49138545494e-05,0.000547697790638
24.9840808028,0.845203374114,0.000191201734948,0.000157168854866,-0.000102993793864,1.24219421428e-05
24.9782233403,1.0097923194,0.000340155556094,0.00011550827575,-0.000340039798601,-0.000266392240563
24.9634227885,1.24627868389,0.000611016531092,-0.000382586213809,0.000282863284274,0.000314197473542
24.9500118898,1.4787600852,0.000614035518058,-0.000114891485469,0.000105535163972,0.000603229935822
24.9350252352,1.7179052837,0.000606121529688,0.000156680029184,-9.33359311075e-05,-0.000212890714528
24.9173267413,1.94750751001,0.000726913642573,0.000131915321855,-2.28910948558e-05,-0.00067314333224
24.905682501,2.09501361163,0.000838639596193,0.000270410537687,-6.31403989978e-05,-2.3833864869e-05
24.8891468489,2.2577227461,0.000980925951751,3.37555554992e-05,-4.74607475697e-06,0.000726964390527
24.8727084193,2.42381619474,0.000920043438886,-1.69620346427e-05,1.35457403805e-06,0.000363679352192
24.8510275975,2.61609621206,0.00129653660453,-0.000103716676097,0.000181356612358,-0.000172459073313
24.8344985144,2.76710090691,0.000985425151304,3.71038176992e-05,-8.14309102984e-05,5.31963560135e-05
24.8144429179,2.92672224394,0.0015663338691,0.000141215328743,-9.76972527606e-05,-0.00023132003498
24.7915243953,3.08291498867,0.00188678077609,3.44492429022e-05,0.000204224445352,3.30036348281e-06
24.7674747693,3.24827515963,0.00219385820915,-8.61894649771e-05,9.06726182591e-05,-0.000184755151892
24.7346224151,3.47323822082,0.00254639719912,-7.01340498149e-05,-9.87240721054e-07,0.000375923987334
24.7130812203,3.63912247691,0.00232175223731,-8.6458169744e-05,-0.000409822893618,-0.00108909121692
24.6688323597,3.88254361435,0.00294652938555,-0.000204817520316,0.000111244487994,6.65992616193e-05
24.6304855742,4.09897952044,0.00314853477944,-9.45335226369e-05,6.53772398279e-05,0.000199874836358
24.5913765292,4.32127044251,0.00322011807514,-0.000130391188516,-0.000148453213722,8.67689599186e-05
24.5600587277,4.48348979589,0.00367241347698,1.55895591759e-05,7.31281060584e-05,-0.000455166371116
24.5281727717,4.64638786046,0.00412684848384,0.000156826985652,0.00015193850845,-0.000485791137279
24.479426228,4.88236688799,0.00409852153963,-1.71455045122e-06,-0.000109290065219,8.69352943011e-05
24.4309640255,5.1114378344,0.0041962063885,-0.000159035041348,-9.04879163373e-05,6.37013890974e-05
24.3799474482,5.33936756736,0.00482041614124,-1.54786741193e-05,3.5805651789e-05,-0.000399787266472
24.3417716921,5.49771355801,0.00465475270447,0.000217645498604,-0.000207489732169,-4.60163684966e-06
24.3024220551,5.65690919662,0.00509723043866,0.000130386880646,-1.13938120809e-05,0.00031699316558
24.265270235,5.80521411696,0.00550077776811,0.000150430279261,3.34939087732e-05,0.000551605472014
24.2065076996,6.03499825416,0.00587353468175,5.44288272872e-05,-2.8530987727e-05,-0.000235853678711
24.1584191683,6.21572969493,0.00582039344935,-0.000131430968469,-8.87231960056e-05,-7.78905340208e-05
24.1010443244,6.41799940321,0.00645935293198,-0.000158209517384,-1.04546912036e-05,0.00066308803068
24.0381756278,6.63431763054,0.00681683129477,-0.000148914286949,9.3936184871e-05,0.000296438588703
23.9942079578,6.7920737727,0.00682573575374,-4.49627913677e-07,-0.000366228605254,-0.000487006869323
23.9264195803,7.01469285018,0.00748340580976,0.00017861728566,-0.000325402103534,-0.000690610206311
23.8744858635,7.16968227737,0.00759382462327,-0.000363428702034,0.000177839237502,-8.13348981715e-06
23.801641353,7.39785013074,0.00797505230754,-0.000138333142222,-2.13459892102e-05,-0.000379858249711
23.7321899439,7.61009393376,0.00843130845988,4.56630152185e-05,-0.000267709150157,-0.000406412943817
23.6782441191,7.76718107835,0.00862533426876,-3.95370843904e-06,-0.00020179739825,-0.000165443307397
23.5981060022,7.99453709057,0.00895395215163,-0.000315325471229,4.99343865098e-05,-0.000260757289702
23.546876478,8.13816526494,0.00930449526796,-0.000316136590582,-5.1057394749e-05,-0.000102285462132
23.4905926152,8.29123680009,0.0097999229647,-9.30933403246e-05,-0.000175331721287,4.54177425452e-05
23.434584487,8.44598488892,0.00976024027884,-8.36901541762e-05,-0.000470805882756,-0.000897715332098
23.3465953191,8.66490343556,0.0105220210489,-3.79204240034e-05,-7.40740546392e-06,8.74294170183e-06
23.2582175191,8.8846136375,0.0107928249389,9.92191854311e-06,8.81806431856e-05,0.000327411754854
23.1717914814,9.09993986606,0.0113002828999,-3.38179984147e-05,-6.35000865884e-05,-2.34734007257e-05
23.1103893838,9.24689834657,0.0112807071535,-9.23500326299e-05,-0.00012301727555,-0.000284735264266
23.0447671882,9.39908371355,0.0119776934837,-5.66378391674e-06,-1.58465899844e-05,3.87838538372e-05
22.9367985127,9.64470951643,0.0125106863443,1.23658953643e-05,-0.000192616718917,2.60435754801e-05
22.8496788665,9.84577490774,0.0127178611068,-6.78930849621e-05,-0.000583233931774,-0.000823669490379
22.7806328664,9.99098625916,0.0133394923821,-0.000191044899151,-8.13767130672e-05,9.86505029137e-05
22.711912701,10.1349991474,0.0139374326711,-0.000351603369136,0.000157880964277,0.000518646778854
22.6435409209,10.2829260629,0.0142418191721,-8.34146891865e-05,-0.000299575841385,0.000168657788005
22.5758273703,10.4234829178,0.014519748991,-4.74508961183e-05,-0.000558107243613,-0.000428333446242
22.4700654012,10.6330015975,0.0149136810628,-0.00043710878845,-0.000189183394803,-0.000256646040613
22.4009734157,10.7673910384,0.0157530580688,-0.000359880520389,-0.00010261783871,-9.69960944777e-05
22.3313784912,10.9035389411,0.0162741437245,-0.000130625436986,-0.000232061270464,-0.000364051790419
22.253827911,11.0488368127,0.0164821363007,-0.000176458124404,-0.000426918834976,-2.19028233254e-05
22.1761713028,11.1918236342,0.0170596291836,-0.000255194106448,-0.000265177954172,0.000144347949037
22.0439594669,11.4315537287,0.017849698977,-0.000398939913405,-0.000140525264851,-0.000281722606458
21.9452164851,11.6121770841,0.0185158638307,-6.12348407148e-05,-0.000322860915345,-0.000635576532374
21.8296132646,11.8100028858,0.0193563619527,-0.000316313293669,-0.00040114027983,5.55430027801e-05
21.7083950191,12.0171246676,0.0199089006903,-0.000443720040478,-7.18018308507e-05,0.00047660945951
21.5884417217,12.2261982215,0.0204825248949,-0.000266912680798,-0.000474103436758,-0.000796046905534
21.4703194675,12.4176754347,0.0213077492665,-0.000231517412405,-0.000151308089913,0.000129664857307
21.3387264074,12.6313826795,0.0216831724322,-0.000403127219969,-0.000290723634604,0.000142752031796
21.2201198514,12.8221247582,0.0221224690571,-0.000385575091473,-0.000340486376358,-0.00027879630625
21.0961341677,13.0143703137,0.0226838205731,-0.000486573542297,-3.43272706467e-05,-2.38848381801e-05
20.9732567417,13.2037637794,0.0229331133876,-0.000303493721182,-0.000112403083111,0.000399518440516
20.8785790843,13.346905185,0.0234876623436,-0.000480266964107,-0.00028092527845,-0.000263581588475
20.7433961939,13.5459423663,0.0238881886091,-0.00034688073406,-0.000265285369857,0.000161895131504
20.6018855954,13.7504214489,0.0247151187186,-0.000422947230708,-1.33644458518e-05,0.00042113655902
20.4641838079,13.9500599985,0.0251429390047,-0.000406581578273,-0.000616162497551,-0.000827595660243
20.3347188432,14.1282636188,0.0253432251189,-0.000596440335903,-0.000254777943838,-0.000226101505252
20.1975967033,14.3138247171,0.0263013318766,-0.000534465637451,-0.000188885371783,0.000289820824233
20.1039705374,14.4433659203,0.0263932391786,-0.000385932040916,-0.000336962500239,-0.000383852438631
19.9662090869,14.6238991277,0.0268660896352,-0.000742709915433,-0.000144508048117,-0.000447680281468
19.8740842487,14.7417927345,0.0272386694817,-0.000642631825683,-0.000158334994843,0.0002367183813
19.776690884,14.86652438,0.0275595072405,-0.00057056517979,-0.000141306509528,0.000327560630144
19.6757550307,14.9953958283,0.0281613035595,-0.000325316982954,-0.000330351889751,-9.11239556082e-05
19.5808242824,15.1128546303,0.0282399122886,-0.000561742205394,-0.000303204932253,-0.000327336311695
19.4782611197,15.2370372225,0.0286361287806,-0.000702967099767,-0.000188268481897,-0.000569014045521
19.3276654703,15.4149373156,0.0300114330141,-0.00044346141636,-0.000243272821429,3.39750218484e-05
19.2188749851,15.5420187355,0.0303834066859,-0.000498609941096,-0.000326537103539,0.000306332906337
19.0711737559,15.712009456,0.0307873794959,-0.000762027074758,-0.000215739224524,-9.38200545947e-05
18.9121024505,15.8903377873,0.031831020751,-0.000823186655025,-0.000222768531255,-0.000665928240972
18.7540239502,16.0686413212,0.0326607351907,-0.000452270149532,-0.00020698155929,-0.000490569314817
18.5997009201,16.2354646326,0.0330656713042,-0.000715081751793,-0.000216027177941,-0.000204819049001
18.4904063301,16.3529873683,0.0333991157155,-0.000717804760331,-0.000184631582085,0.000148843897904
18.3305498257,16.5244315279,0.0343184590419,-0.000369035505976,-0.000372134107867,-0.000430183770257
18.160827837,16.6994798862,0.0348030390017,-0.000505414169803,-4.85217601123e-05,1.2888506733e-05
18.0069289518,16.8566238597,0.035712893437,-0.000685352292804,-0.000103098778035,-0.000635432263472
17.8898198497,16.9738750079,0.0363606899826,-0.000501490288962,-0.000234035328455,-0.000450254455345
17.7195415798,17.1398736369,0.0370374827351,-0.000741140004688,-0.000195348669693,-0.000162124890085
17.556280605,17.2999662067,0.0373036254993,-0.000892602087185,-0.000245238361125,-0.000724168935932
17.4436198076,17.4077761529,0.0378767249964,-0.000747510779636,-0.000190936469675,-0.000543739197975
17.3281804002,17.5153795255,0.0385720290173,-0.000812058231631,7.81401542802e-05,-0.000193037902198
17.1165487224,17.7113720662,0.0393556135524,-0.000757460266886,-3.71607335548e-05,-7.17672925388e-05
16.9561778015,17.8559233727,0.0397879894732,-0.000847862934093,-0.000241832185082,-0.000459525592989
16.8247958829,17.9702342481,0.0408144462471,-0.000760274410189,-9.23251702459e-05,0.000403049313782
16.6602562023,18.1141434867,0.0414539297581,-0.00096572533686,4.40838740925e-06,9.35626898975e-06
16.5420294226,18.2169071448,0.0418223702401,-0.000847887550806,-0.000121918635021,-0.000394651597014
16.4198578269,18.3249477665,0.0422696456527,-0.000490359545973,-0.000460201667007,-0.000882623189897
16.2957716218,18.4259515666,0.0426632351582,-0.000822851212856,5.98144100237e-05,0.000149306710173
16.1172548212,18.5708390976,0.0436083451402,-0.000848929124236,5.27540751817e-05,-7.36165456555e-05
15.9946915601,18.6668679258,0.0445231771135,-0.000922422766358,2.03813632064e-05,-4.87366283051e-05
15.8771797757,18.7603941219,0.0450442452384,-0.000753449167383,-0.000181551733349,0.000143914944357
15.750222497,18.8588191318,0.0454269598863,-0.0010180140647,-2.98547208051e-05,0.000168835236224
15.6240837712,18.9549743995,0.046366890439,-0.000972648511388,-3.87463337149e-05,0.000104950645542
15.438506008,19.0953292621,0.0472316518624,-0.000769389658094,-0.000173438868039,-0.00045797236088
15.303903122,19.192589069,0.048124625914,-0.000791504618716,0.000302538921907,5.73260215187e-05
15.1831945861,19.2808607721,0.0485160903772,-0.00085650939438,0.000352520368842,7.87839694225e-05
15.0598348535,19.3682998439,0.0494068793246,-0.00099870835246,5.01869574637e-05,-0.000902033910847
14.8926621997,19.4847601008,0.0507653751683,-0.000876633802326,-0.000111863584545,-0.000444828341085
14.7304215518,19.5965974969,0.051377867266,-0.00103414568566,-6.73640223177e-05,0.000351521424661
14.6006839924,19.6830283732,0.0523657008618,-0.00102794260685,0.000131988097726,0.000111560854544
14.4640058741,19.7742565681,0.0531243746337,-0.00107027271415,5.66752808893e-05,-0.000624103334076
14.2721156392,19.9007447196,0.0541193057597,-0.000992956191859,0.000146237417249,0.000423431274726
14.0698021396,20.029643958,0.0555567535555,-0.00115565327371,0.000170235309028,-0.000131263194165
13.8789851425,20.1500469484,0.0568682972502,-0.0010460407585,0.000161201652232,-0.000524626975683
13.6696113289,20.2789542286,0.0577746365177,-0.000976259812637,0.000288876475339,1.49073590021e-05
13.4751303139,20.3970812579,0.0586820369949,-0.000914344617095,0.000178134943165,0.000137384967251
13.3395578443,20.477104613,0.0592434410676,-0.001008999787,-8.28445839215e-05,-0.000334547213815
13.133582948,20.5968038712,0.0607576603358,-0.00111304889806,0.000145723931342,-0.000304910261193
12.9234322772,20.7163549657,0.0619500963068,-0.00110353036238,0.000404990433188,0.000315245084926
12.789234854,20.7930772597,0.0625481983182,-0.00100856401754,8.76225833347e-05,-0.000754104395573
12.6570472715,20.8672705445,0.0629961614231,-0.00108685961478,0.000319885636512,0.000280307528521
12.5150290261,20.9452079021,0.0636728019284,-0.00112783137791,0.000232829124055,-2.9825232018e-05
12.3730039564,21.0173136627,0.0647306541303,-0.0012222129374,0.000368147501317,-9.39314287731e-05
12.2327716412,21.0901099714,0.0656269960956,-0.00141281944665,0.000262591278971,-0.0009097717556
12.0903516909,21.1622062492,0.0664931321926,-0.00126733208932,0.000557871069188,3.21173999546e-05
11.9484100187,21.233783656,0.0672997360005,-0.00104893464967,0.000514137021464,-0.000286995508384
11.7461935625,21.3324393181,0.0683915959018,-0.00103838627392,0.000482275364769,2.92233813955e-06
11.6062901019,21.3986363494,0.0695838323651,-0.00117445524057,0.000153594678819,-0.000380627759347
11.4612952545,21.4658059436,0.0705835369127,-0.00114636292137,0.000144345902053,-0.000356918246045
11.3099532217,21.534607163,0.0715647617006,-0.0013474280131,0.000504293422589,-3.69547599039e-06
11.1741029406,21.5964841048,0.0723948984215,-0.00137019863144,0.000400309883425,0.000363291237355
11.0326578744,21.6596625843,0.0733423476846,-0.00127283885075,0.00053131746663,3.83964618596e-05
10.8877604267,21.7215082724,0.0744024275837,-0.00125809834913,0.000567568677204,5.95135895984e-05
10.7395999901,21.7821498061,0.0755485872503,-0.0014133665205,0.000601283812145,8.46631374377e-05
10.5914056894,21.8434795344,0.0765160023459,-0.00127718355427,0.000588335506869,-0.000404118261773
10.3742187652,21.9310102417,0.0781405624958,-0.00132019225804,0.000610811444731,-0.000370630625746
10.2245612712,21.9902289122,0.0791432033704,-0.00130027460525,0.000819695006979,6.69599590877e-05
10.0716286268,22.048471601,0.0803360844953,-0.00125134609713,0.000751733523898,-0.000162745037588
9.86843777825,22.1243707249,0.081950723765,-0.00148198796885,0.000874213247026,-4.85049320937e-05
9.71461243988,22.1796950566,0.0834032944373,-0.00129733674103,0.000518002552284,-0.000777794323978
9.56456994223,22.2340713235,0.0840776826784,-0.00139612759507,0.00085507576212,0.000419398860219
9.40993429106,22.2883580708,0.0850793173325,-0.00128694295228,0.000900736860916,0.000182495457431
9.18738080058,22.3620366451,0.0870099568151,-0.00142127697213,0.000782630939021,-0.000712584674628
8.95543622738,22.4373757366,0.0890208001322,-0.00140332969221,0.000724117407109,-0.000168882726189
8.74608375553,22.5046435716,0.0900984446612,-0.00161824277879,0.000999203439273,0.000444892337399
8.5184741625,22.5742557748,0.0919784435601,-0.00159951152121,0.00085430913221,-0.000113296476794
8.34113959976,22.6293231143,0.0932343780115,-0.00133516024621,0.000832010544029,-8.78396961715e-06
8.18364263459,22.674272645,0.0941672267822,-0.00149860738577,0.00112901662246,0.000169781879248
8.03555966578,22.7174290997,0.0949378659867,-0.0015190520442,0.00111973497151,-0.00023550611477
7.88104302327,22.7620360925,0.0960079643173,-0.00128670179523,0.00101595142372,-4.5449277943e-05
7.73386611863,22.8008094914,0.0974027167036,-0.00114508068598,0.000938843962712,-0.000111340245885
7.58225569868,22.8380234657,0.0985352731047,-0.0016903017763,0.00120999052033,7.18819184183e-05
7.41116784858,22.8789171705,0.0998117715933,-0.00212384466562,0.00113007102717,-0.00142691687381
7.19038022244,22.9349505166,0.101621537205,-0.00119060919706,0.00120156779837,2.42857223291e-05
6.96436891029,22.9877033992,0.103152614144,-0.0014006949891,0.00140750731085,0.000212087256539
6.7985688869,23.0234944726,0.104485283161,-0.00178302214932,0.00136133420515,-0.000187578725853
6.58324802896,23.0716590847,0.106193865924,-0.00138750683942,0.00112936797915,-0.000159659272982
6.4297022261,23.1049001056,0.106972986848,-0.00113380869711,0.00117155362234,2.03414918472e-05
6.27568967701,23.1343249855,0.108257193091,-0.00127807619642,0.00118478159025,-0.000133323081288
6.11928449588,23.163982902,0.109225997411,-0.00136009994113,0.00159065408998,0.000287707918703
5.95754691059,23.1923922438,0.11077666617,-0.00159419263087,0.00147602223696,-0.000113763992029
5.80628851681,23.2199871375,0.111921236322,-0.00133485072618,0.00152476583195,6.42307486185e-05
5.66159375614,23.243567482,0.113313734307,-0.00138498186451,0.00140157280882,-0.000341351227912
5.49538362441,23.2696219921,0.114449679515,-0.00161052245495,0.00179063856866,8.09729117941e-05
5.34394644777,23.2919565025,0.115961524643,-0.00159479355709,0.00179051413317,9.29529525467e-05
5.18692216202,23.3145023556,0.117218468997,-0.00134995743963,0.00172114806944,-0.000318655308396
5.03387576778,23.3340789052,0.118723769379,-0.00130331745895,0.00161498756097,-0.00106680184819
4.87519898814,23.3564348155,0.119505847585,-0.00129063924355,0.00189831804022,-0.000219644538555
4.70742303939,23.3730847098,0.121187224837,-0.00179519781082,0.00195660636111,-0.000461045453094
4.47990371687,23.3998811209,0.123168329747,-0.00140705049154,0.00180655927991,-1.77244481356e-05
4.30772056112,23.4167772482,0.124827978692,-0.0013079549244,0.00170014965486,-0.000427287800813
4.08536101993,23.437031409,0.126587641833,-0.00131804041211,0.00192412064391,-0.000255071691434
3.85459160868,23.4570139032,0.128590665833,-0.00131350025439,0.00196772499564,0.000265118624243
3.70763454205,23.4686046495,0.129780875194,-0.00148819618592,0.00206344384905,0.000694070470185
3.53424960405,23.4790890849,0.131491325704,-0.00147934713629,0.00199013046867,-0.00031303945344
3.30204918124,23.4932282799,0.133511225398,-0.00118483919455,0.00192965082759,-0.000556280404451
3.06890778363,23.5056351697,0.135244373001,-0.0012842201843,0.00222215147871,0.000458838917812
2.91311435111,23.5119097124,0.136760865504,-0.00147434985998,0.00208751574768,0.000132782760397
2.7460850803,23.517464082,0.138304250503,-0.00136454597289,0.00216680467771,-3.57249276616e-05
2.51370280878,23.5256540598,0.140143058704,-0.0012505295034,0.00230728633526,4.9352736563e-05
2.36433766329,23.5284219341,0.141287189148,-0.00131572873743,0.00243436878201,-0.000122111703513
2.20584529092,23.53119201,0.142529516564,-0.00117639063398,0.0023710600846,-3.06600278432e-05
2.04508319257,23.5320821708,0.144019749416,-0.00115425929128,0.00227484596451,6.24600885265e-05
1.88817495625,23.5308630383,0.145578988277,-0.00112162406738,0.00229519083193,-0.000190390457467
1.72581159425,23.5289040023,0.147112809261,-0.000983476239098,0.00238570001725,-2.28060274161e-05
1.49641790025,23.5243379132,0.148844090289,-0.00112088076373,0.00261571939105,5.43467573936e-05
1.34278389302,23.5200505418,0.150143969064,-0.0010589295374,0.00252617085856,-0.00010984694981
1.16962203784,23.5130015618,0.152190785128,-0.00106862504032,0.00225873737389,-0.000350535632703
0.95150992243,23.5033924956,0.154013289883,-0.000874390270031,0.00232059230921,-0.000353309064331
0.782041688569,23.494402629,0.155055991617,-0.00119514185496,0.00268225682886,0.000138961032795
0.63019778763,23.4861200459,0.156536377703,-0.00105204259999,0.00254949342156,0.000399424327472
0.47616314252,23.4753270455,0.158065484589,-0.00100711531314,0.0026146086126,0.000225369121229
0.309940133983,23.4624174855,0.159832457383,-0.000918704977638,0.0025138849815,0.000483242286318
0.163234261404,23.450229551,0.161065916442,-0.000774771896066,0.00264086600598,0.000305437353343
-0.00201615368981,23.4341132033,0.162710876532,-0.000733673398435,0.00275655240733,-0.000127267385014
-0.159782296105,23.4182750053,0.164294445886,-0.00106883620343,0.00296019847655,0.000114611850353
-0.316178368481,23.4019653363,0.165853416942,-0.000939220685166,0.00290721479985,0.000962868864577
-0.462888492923,23.3847297258,0.167266834583,-0.000812700045368,0.00287694247173,0.000451458770456
-0.622496526229,23.3635148925,0.169095500768,-0.00076312379812,0.00291697831866,-0.000403856350075
-0.782868790177,23.3429737626,0.170676416275,-0.000771218879434,0.00298960213976,-0.000242298529779
-0.930648254835,23.3240961279,0.17202897527,-0.000724803209174,0.00320791949153,8.22596538372e-05
-1.12116130517,23.2957777745,0.174032498227,-0.000658520858442,0.00319367713136,0.000925159122561
-1.3159554526,23.2636128158,0.1760874987,-0.000787687088936,0.00316639399977,0.000408902995578
-1.50384817485,23.2320454782,0.178134346279,-0.000543112552418,0.00313432274093,-0.00053068868932
-1.67474768826,23.2027821101,0.17992481866,-0.000314492891684,0.00285524141766,-0.000269592682999
-1.89102526235,23.1642790098,0.181970146191,-0.000542059317419,0.00304716634845,0.000728660336333
-2.04764196741,23.1339930798,0.183657987592,-0.000621085249081,0.00311360173549,0.00020762572987
-2.21002921841,23.1015304031,0.185214813172,-0.000450501475982,0.00324141302372,-0.000231091354201
-2.4432180364,23.0534483678,0.187944410927,-0.00022870786022,0.00314142176243,0.000270656131046
-2.66084272895,23.0066802314,0.190585193236,-0.00010854377245,0.0030384123791,0.000178095644941
-2.82357970917,22.9706426728,0.191798274533,-0.0005113477237,0.00344434281244,-0.000193391739052
-2.98386939104,22.9339945762,0.193233585713,-0.000351576970621,0.00362921626925,4.27704489867e-05
-3.21408849254,22.878685339,0.195759435544,-0.000106327136511,0.00363692151538,0.00053722901581
-3.44201751698,22.82007289,0.198401313697,-0.000232804341289,0.00335280374939,2.35315059326e-05
-3.65478710964,22.7636845343,0.200427229784,6.42114809353e-05,0.00337787409082,0.000262693488193
-3.80833464288,22.7240705068,0.201981615151,2.77764178227e-05,0.00351229545389,-9.53501026397e-05
-3.99001170373,22.67494979,0.203809764311,-0.000185366472872,0.0036540295488,0.000730361825315
-4.14970607052,22.6294806277,0.205444454308,-0.000113052686056,0.00373994587835,0.000883175926099
-4.3652872291,22.5674073981,0.207521920446,0.000238378085246,0.00394099457357,9.47506436631e-06
-4.53448440837,22.513538927,0.209399020885,-2.97054437681e-05,0.00382053007703,-0.000257573644724
-4.75480039514,22.4467581858,0.211670784992,0.000258102652725,0.0037252294623,6.89320096717e-05
-4.96695787601,22.3800562255,0.213269270917,0.000449063952816,0.00401488294181,0.000801295711313
-5.11413137207,22.3301946513,0.21509312876,5.38459883426e-05,0.00380059560681,0.000622747234842
-5.27462623543,22.2749747585,0.216766254189,6.12353243606e-05,0.00385440523772,0.00034944659567
-5.50012236709,22.1968485942,0.219044115776,0.000541576241492,0.0038069255015,0.000418671906816
-5.72323737324,22.1186184829,0.221506926339,0.000732429713432,0.00367637320098,-0.000190515617739
-5.93399311479,22.0412318817,0.223212579105,0.000503219939125,0.00386596937403,-0.000224665584488
-6.07523026523,21.9889707163,0.2244428214,0.00045927293113,0.00396027720782,9.45139065465e-05
-6.22948311402,21.9294397494,0.225801034578,0.000693416921737,0.00397093101041,0.000334280496659
-6.37955956486,21.8695715198,0.227587879938,0.000584036162173,0.00387360671835,0.000320066245385
-6.59928695428,21.7816973312,0.229773646396,0.000785359254071,0.00395017393567,0.000463604397468
-6.74649230758,21.7197990478,0.231192802867,0.000804828346462,0.00390734926476,0.000278506824736
-6.9527382103,21.6331809622,0.233368384822,0.000948588797796,0.00399140434375,-2.52526328736e-06
-7.11294204324,21.5611432762,0.235027999007,0.000820820607357,0.00400809832899,-0.000958566214338
-7.32102552865,21.4714899962,0.236981979556,0.000923955900953,0.00418980616195,0.00113109033376
-7.47866919413,21.3989935457,0.238424360793,0.00106888989687,0.00410370092712,0.000268433424146
-7.67764248493,21.3065543651,0.24057464445,0.000873827811289,0.00412433552045,0.000578511646195
-7.89571463625,21.2034849775,0.242721842023,0.00123030252203,0.0040788124465,0.000133643379574
-8.04055908284,21.1343956,0.244081077719,0.00144333258004,0.00412179880651,0.000201290182625
-8.17458596436,21.0676174839,0.245572476134,0.0013202819531,0.00397604672356,-0.000575996145307
-8.32051636774,20.9935154972,0.246987489009,0.00147627091489,0.00386383321543,-0.000503203399016
-8.46551767933,20.9179814484,0.24842016325,0.00137459523681,0.00395425515865,0.000489817188567
-8.69537954678,20.7983554168,0.250661609437,0.00145801336224,0.00410637664714,-5.57322204984e-05
-8.90183264383,20.6881098602,0.252788064635,0.00158097978405,0.00411734153177,-0.000167236694013
-9.0439807998,20.6117404521,0.254121786068,0.00163639508692,0.00425621394443,0.000572035416562
-9.1814852791,20.5329979147,0.255695544034,0.00169254500272,0.0042167497098,0.000385625684905
-9.37880854134,20.4189285919,0.257825275438,0.00172962694041,0.00401180110754,0.000282122152132
-9.5212586678,20.3339833738,0.25936752553,0.00156461862408,0.00405806751202,-0.000167822818827
-9.65947179498,20.2543009521,0.260728400257,0.00198947913086,0.00399599859288,0.000757039892624
-9.85693482633,20.1376944537,0.262773575211,0.00218684766487,0.004038870035,-0.000626659222986
-9.99381914609,20.0519528479,0.264306943251,0.00207803680992,0.00401478019455,0.000285710510722
-10.1938051081,19.9277327576,0.26593972286,0.00208672876938,0.0040599242273,0.000424765779081
-10.3856657588,19.8030522378,0.267952956089,0.00199975206806,0.00401660213947,0.000396536180074
-10.51614263,19.7179639233,0.269569190026,0.00207172608804,0.00397452264509,0.000465556149579
-10.6510794774,19.6305357367,0.27100056323,0.0021317903465,0.00412870970018,0.000356095078109
-10.8229253366,19.513894954,0.27284251489,0.00238017876395,0.00408773178233,0.00076222362528
-10.9538927217,19.4231155801,0.274342695932,0.00244516493827,0.00404455572162,0.000830960064938
-11.0793215913,19.3351683371,0.275613820332,0.00261335324438,0.00376026759199,6.38977570854e-05
-11.2083921604,19.2420153826,0.277116312623,0.00247058149492,0.00369423336276,-4.0789174777e-05
-11.3290477583,19.1546698889,0.278364093467,0.0026287711357,0.00383125493397,-0.0004846885002
-11.4578413463,19.0611631213,0.279912809367,0.00272188440523,0.00396133942769,-0.000421697894017
-11.5856444262,18.9647602161,0.281566592225,0.00274394952873,0.00383559775858,-0.000520005989943
-11.7159024812,18.8627902861,0.283224579159,0.00266272468619,0.00381261095223,5.34948982519e-05
-11.8351731534,18.7724859539,0.284487977,0.00294618874006,0.00391782218242,0.000547926486536
-11.9745776628,18.6615771807,0.286162669336,0.00290960697849,0.00389325383036,0.00010313797039
-12.1386945845,18.5308255463,0.288246699699,0.00282235144524,0.00397321730551,-0.000265531933016
-12.2707559932,18.4209390433,0.289860915786,0.00284535857897,0.00385299523184,-0.00019498410541
-12.3826809885,18.3270517063,0.291161966409,0.00308422584398,0.00381974154732,0.000389899428557
-12.5090111769,18.2203785418,0.292994199559,0.00298792088863,0.0036041251347,-0.000131922970885
-12.6205496668,18.1239909084,0.294603467554,0.00312758649864,0.00369162836801,0.000276466384301
-12.7462044679,18.013743234,0.29644988817,0.00341100107633,0.00368761667189,-0.000243180034955
-12.8616898574,17.913331251,0.297736153063,0.00343742994962,0.00387600948149,0.000328048243968
-12.9766904489,17.8074577763,0.299512345081,0.00332582218151,0.00381720459509,0.000735058867703
-13.0953852272,17.696334729,0.30118932082,0.00335970271652,0.0034177270722,5.48565611741e-05
-13.205638123,17.5938020517,0.302799926933,0.00342191856892,0.00351567509076,3.74382746228e-05
-13.3248334481,17.4809458425,0.304391104015,0.00363279390348,0.00354536508619,-0.000738162399713
-13.4425219743,17.3644784549,0.306377857591,0.00358590530206,0.00343018363355,1.19018936082e-05
-13.6056748042,17.2010501943,0.309134754515,0.00350936396595,0.00334125006934,-9.4405553376e-05
-13.7329152715,17.0758090098,0.311058453693,0.00377083174149,0.00346016943835,0.000315810943473
-13.8453642543,16.9621238027,0.312376157579,0.0040703296289,0.00322317444683,-0.000106652215233
-13.9569150607,16.8471555025,0.314346020299,0.00388562928868,0.00343539315277,-0.000473404438316
-14.1213877243,16.6740401103,0.316956048061,0.00406118178838,0.00306006549459,-0.000646487454416
-14.2787780875,16.5054614682,0.31918187777,0.00416121389477,0.00315798954004,-0.000242853068642
-14.3842704069,16.3882376007,0.320857840216,0.0041875400973,0.00312531536728,0.00016994228877
-14.4917665041,16.2712521902,0.322568066322,0.00414408749036,0.00327318112029,-0.000613139003993
-14.5951890752,16.1540649884,0.324192501242,0.00415326099874,0.00301331873169,-0.00061681532903
-14.696910119,16.0366121923,0.325657387478,0.00429917940999,0.00298629223481,-2.99070562141e-05
-14.7979697066,15.9199099742,0.327402604328,0.00440791435949,0.00290310231165,-0.000375126797479
-14.9013895123,15.7962231279,0.32933823861,0.00433834370805,0.00289651687553,0.000374515601715
-14.9967958776,15.683372093,0.331048890326,0.0044752007156,0.0030130144543,-0.000144879036275
-15.1041980348,15.5525609682,0.332728581572,0.00461723835717,0.00291455666884,-0.000488593181183
-15.2536753284,15.3656238815,0.335318951722,0.00455274384674,0.00280071741925,5.87845242726e-06
-15.4006762491,15.178166114,0.33789588923,0.00444568635396,0.00271704879641,0.00024425097866
-15.5009388921,15.0510513346,0.339448028142,0.00469991334425,0.00290680666407,-1.82110902946e-05
-15.5913792067,14.9307149114,0.34129921048,0.00457842909626,0.00272617418442,0.000144302316282
-15.6920333024,14.7951947073,0.34300273618,0.00462105862521,0.00257367400927,0.00022552720764
-15.8308081838,14.6049413173,0.345428712169,0.00476922530395,0.00267554789784,0.000129668587417
-15.9653507955,14.4217287748,0.347904616135,0.00483427628951,0.00252807001464,-0.000469361279003
-16.0553034307,14.2935441696,0.34954636081,0.00494667611894,0.00231795936712,-0.000466953957362
-16.1418822124,14.1664176169,0.351546419479,0.00490268417352,0.00223727316197,0.000545010524792
-16.2352060854,14.0321704837,0.353033502933,0.00509679672966,0.0022514084928,0.000204484271664
-16.3237775006,13.9020614768,0.354673921357,0.00530293682572,0.0022578515258,0.000119874638819
-16.4467994673,13.71525055,0.357125788033,0.00511275688818,0.00191944117148,-0.000139927084566
-16.5394350542,13.5728187106,0.358940588308,0.00515127114253,0.00196423563217,0.000108547056004
-16.6234395196,13.4415539102,0.360528050734,0.00532712350981,0.00202360851331,-0.000146721605137
-16.7073417135,13.3079309313,0.36208413199,0.00545170921784,0.00194834423561,-6.03223679935e-05
-16.7919454522,13.1706946594,0.36386654116,0.00542290017051,0.00195679751739,-0.000235644101877
-16.9098154246,12.9725412288,0.366492794155,0.00516939476973,0.00164328529434,1.28857307865e-05
-16.995412375,12.8300610072,0.368071280055,0.00545014397384,0.0018760643934,-0.000326543872169
-17.1055270863,12.630297936,0.371389048536,0.00588436353297,0.00127885934889,-0.00072342654926
-17.1795694903,12.5015175472,0.372707809919,0.00550624913312,0.00138499235085,0.000191039167213
-17.2584273741,12.3623072516,0.374157421037,0.00557979230323,0.00111512773964,-0.000310718503668
-17.3487903356,12.19896487,0.376045891899,0.00561894669332,0.00147204418343,-0.000490120574489
-17.4354016744,12.0373285929,0.378018076995,0.00567919461703,0.00141495061611,-0.000403098297029
-17.5043530338,11.8994008653,0.379931535196,0.00582083934204,0.00106315703259,-5.05087066364e-05
-17.6049841189,11.7045863409,0.382245176165,0.00592214481887,0.000896627767045,-0.000467479102944
-17.6786926583,11.561030432,0.383893796294,0.0059272763086,0.000937847779444,-0.00131652743376
-17.7507923022,11.4133593849,0.385618896223,0.005781091033,0.000968188596545,-0.000643454564284
-17.836109373,11.2360597258,0.387539296943,0.00566696528372,0.000766155334176,-4.80709371029e-05
-17.9106400247,11.076722265,0.389515254776,0.00597927301698,0.000647127944594,-0.000371540551985
-17.9820704112,10.9260273848,0.391156629457,0.00610800577858,0.000746367635878,-0.00062174493888
-18.0500264062,10.774566769,0.393061887399,0.00590395490638,0.00068700811705,-0.00020152365838
-18.1120002243,10.635927073,0.394441794726,0.00569294404624,0.000614282852833,0.000388312727812
-18.1708528985,10.4952365352,0.39627012748,0.00590297475716,0.000229445845088,-1.65598844535e-05
-18.2327472956,10.3515366337,0.397780988455,0.00613765816997,0.000495058150711,-0.000349570621795
-18.2931773993,10.2025917855,0.399719303111,0.00605043227864,0.000313211391603,-0.000260300190495
-18.3545840622,10.0502201098,0.40143684732,0.0060350915848,0.00027015915073,8.35034590278e-05
-18.4096210256,9.91067047778,0.402998119835,0.00582944836471,0.000352034409509,0.000587112783255
-18.4685244222,9.75371273457,0.405310372882,0.00618249743911,-7.80466837389e-05,-0.000742499000692
-18.5199284645,9.61596094071,0.40705624038,0.00642115018256,-9.39683780827e-05,-0.00115231919426
-18.5703163822,9.47108236275,0.408766359565,0.00632002792816,-0.000401850182113,-0.000126889943694
-18.6213145794,9.32656452018,0.410667707531,0.00622954797468,-0.000352613345808,0.000383215674287
-18.6747834547,9.17657224662,0.412119092662,0.00626856589901,-0.000400005078244,-0.00028683298336
-18.7272710809,9.02109446379,0.414009121463,0.00613621840035,-0.000338827927398,-0.00020150953591
-18.7758197781,8.86905493013,0.415969932118,0.00631483532768,-0.000704699689195,-0.000604885389621
-18.823129457,8.71954698168,0.417723573812,0.00611679840009,-0.00059576971157,0.000410281773319
-18.8700636161,8.56762156606,0.419629805423,0.00600505409565,-0.000491390593962,0.000411657631033
-18.9135495515,8.41758358309,0.42152923666,0.00625717629714,-0.000811510148768,-0.000328319705298
-18.9574939703,8.26521300384,0.423154430657,0.00641651588537,-0.0007708676789,-0.000229810791669
-19.0018645893,8.10891716317,0.425136390908,0.00622604182644,-0.000877826908658,-0.000311559345082
-19.0777343567,7.82248818257,0.429223422762,0.00635493784388,-0.00117333191722,-0.000963269509702
-19.1178161469,7.67188508052,0.430834841848,0.00630796197143,-0.00116293359825,-0.000532215360768
-19.1736236003,7.44875526224,0.433160756796,0.00637929071065,-0.00134743018711,-8.85817988302e-05
-19.241505517,7.17309582751,0.436312815331,0.00645756086147,-0.00136835285709,-0.000321691022285
-19.2787362899,7.00866850885,0.438203974684,0.00624030053853,-0.00159622517795,0.000277709773495
-19.3184744966,6.83055147296,0.440269248311,0.00624411721588,-0.00180014423083,-4.62198459551e-05
-19.3541122283,6.67174502293,0.441867436012,0.00635652907487,-0.00171186984049,-0.000795100643932
-19.3891964837,6.4941553964,0.444110351399,0.00636600070584,-0.0019849511719,-0.000608572542361
-19.4337019742,6.27226608553,0.44629715965,0.00621098593636,-0.00206080749372,-0.000343175521839
-19.464179951,6.11117456797,0.447924229775,0.00616123360576,-0.00214267029405,9.19087874802e-05
-19.4928583293,5.96543612464,0.449369728466,0.00607888438593,-0.00186102246195,9.61480522641e-05
-19.520459238,5.80529528361,0.450918239452,0.00604701498624,-0.00198514839437,-0.000315146310554
-19.5430456108,5.65039452039,0.452974777967,0.00629262180349,-0.00247646047363,-0.000626298525704
-19.5685657311,5.48490347614,0.454714724187,0.00579656539381,-0.00256747193007,-0.000292928313927
-19.5994266,5.27461532129,0.45728981929,0.00614629571776,-0.00256469417126,-0.0011945399719
-19.6215708092,5.10870861468,0.458835388249,0.00608539849181,-0.00278705440334,-0.00050266048763
-19.6504237164,4.88029240176,0.46118503517,0.00611138274006,-0.00282012830584,-0.000736648939762
-19.6707669986,4.73122467283,0.462612758844,0.00580307470417,-0.00245401905952,-6.18671175425e-05
-19.6879896295,4.56141640163,0.464614496884,0.00579877587003,-0.00269720577852,-4.50694263065e-05
-19.7044881537,4.40506114164,0.466010327331,0.00580206704778,-0.00303565160567,-0.000197940516338
-19.7262670828,4.1599312989,0.469062356975,0.00602496558777,-0.00321707046947,-0.000759423075631
-19.7447094029,3.94543392882,0.471265348631,0.00589912066752,-0.0033562645285,-0.000490183377123
-19.7560387167,3.79458558031,0.472665789515,0.00578564958302,-0.00345683017561,-0.000141522787526
-19.7658942316,3.63932392297,0.474271029639,0.00561942548198,-0.00359200319787,0.00029048934129
-19.7776268298,3.47563476458,0.475696108275,0.00554618226951,-0.00341896058439,-3.83090458364e-05
-19.7844239997,3.31805024277,0.477486267914,0.00575433479231,-0.00356605301812,-1.45262081566e-05
-19.792181111,3.08476074608,0.480029047365,0.00582826262411,-0.00387565152323,-0.000327469411912
-19.8012145112,2.85093985278,0.482305665875,0.00566768963272,-0.00380912753881,-0.000652318323478
-19.8067619317,2.62370602563,0.484468051151,0.00522606772712,-0.00380528798224,0.00011351520819
-19.8078091442,2.46700658126,0.486053360458,0.00527123273483,-0.00420952729239,-0.000292070489114
-19.8103991372,2.31443866806,0.487251736688,0.00510798857694,-0.00398977560359,5.32941989742e-05
-19.8102552022,2.16029185447,0.488883754673,0.00544813785403,-0.00407637433284,-0.000426872680741
-19.8079418503,2.00040725054,0.490687150198,0.00559935916,-0.00429570907005,-0.000489771837029
-19.8042070722,1.83855298785,0.492122611744,0.00544305614693,-0.00450069169888,-0.000141364623979
-19.7992517288,1.59723225592,0.494252484561,0.00500444565807,-0.00445574089992,0.000880108498454
-19.7876891226,1.35276063433,0.496988984799,0.00522583040226,-0.00455795372121,-0.000444565684339
-19.7779584242,1.13356703644,0.498802625711,0.00525193953324,-0.00474471152476,-0.000507750634449
-19.7679801252,0.97944478437,0.50016951002,0.00514134020853,-0.00510754383955,-0.000412709995457
-19.7595070893,0.819975512669,0.501859497022,0.00483464150501,-0.00479641000834,-0.00058082922523
-19.7505938341,0.663162909519,0.502934916496,0.00447264409082,-0.00455258697807,0.00035091532261
-19.7351980297,0.508421388019,0.504703113414,0.0046011506035,-0.00525318486924,3.18603358431e-05
-19.7233179952,0.356081657388,0.505917242012,0.0044956578717,-0.00507751881058,0.000210631306741
-19.706135529,0.202268482647,0.508018755194,0.00483076498532,-0.0050917868937,-0.000524945015171
-19.6906870152,0.0429462400436,0.509156345949,0.00478863880897,-0.00514688125528,-0.000258148090537
-19.663600813,-0.184462072963,0.511122451916,0.00449781266719,-0.00529600781021,4.37014803255e-06
-19.644877517,-0.343635032347,0.512234320204,0.00414724548853,-0.00533950236665,0.000512694692028
-19.6213476943,-0.501600652434,0.514356647706,0.00428426309869,-0.00534418989794,-0.000485340957468
-19.5884297693,-0.723540626635,0.516507450353,0.00435436637024,-0.00568426444789,-0.000548709258484
-19.5655517232,-0.879019719632,0.517823490049,0.00433909298429,-0.00569124911757,-0.000197081874469
-19.5385220136,-1.06682694757,0.519232830269,0.00415446926362,-0.0053505499728,0.000151121056735
-19.5044921279,-1.25893064349,0.521234008499,0.00406113514665,-0.00553536743458,0.000247692432673
-19.4689704922,-1.45281591839,0.523040709633,0.00398550556991,-0.00585713551774,5.28279603735e-06
-19.4268233022,-1.6686529061,0.525112625977,0.00379362358637,-0.00609972393074,-0.00015547586346
-19.3968053845,-1.82071546762,0.526614957963,0.00373323260532,-0.00581439168283,-0.000314353332018
-19.3603507265,-2.00527368221,0.527735814239,0.00340708160468,-0.00600121315157,-0.00022890848941
-19.3278770671,-2.15576012253,0.529343930846,0.00344035214249,-0.00609646121487,0.000377008557018
-19.2895507249,-2.3210922411,0.531002339169,0.0036797151375,-0.00627588569629,-0.000110473444159
-19.2554579895,-2.47252734904,0.532296531683,0.00361066424787,-0.00601381615407,-0.000354939772469
-19.210100323,-2.65823961019,0.533887619114,0.00327412513938,-0.00618785538797,-0.000440431842422
-19.1709532735,-2.81143796016,0.53509940088,0.00316455832231,-0.00640793605321,-0.000265579163573
-19.1304233174,-2.97141814118,0.536409585749,0.00276769311731,-0.00619534331629,0.000324658607637
-19.0862736758,-3.12213441641,0.538742472834,0.00324254784205,-0.00635022345731,-0.00041019064153
-19.0446361724,-3.26955141645,0.539805044194,0.00307863109343,-0.00662337337664,-0.000323870308755
-19.0018233037,-3.419604152,0.541077052317,0.00284887949376,-0.0066945185526,0.000185015645277
-18.958897063,-3.56708727861,0.542255816779,0.00248572764226,-0.00649412022974,0.000944603496119
-18.910431648,-3.72178535424,0.543841156043,0.00265922590774,-0.0064391637334,-5.57230423939e-05
-18.8634562923,-3.86392402555,0.545406697196,0.00279968763559,-0.00667537400353,-0.00055212111655
-18.8120079718,-4.02159962417,0.546788425233,0.00271375411726,-0.00659373744613,-0.000630264203099
-18.7625381626,-4.17343363281,0.547894941066,0.00224573464934,-0.00648588575348,0.000548014619524
-18.7088412047,-4.32210340191,0.549756176501,0.00234498151232,-0.00679482791849,0.000303062455489
-18.6553093781,-4.47136676393,0.551228859151,0.00225225035717,-0.00669081958251,-3.06153250137e-05
-18.6000085628,-4.61580678349,0.553012059258,0.00234716983144,-0.00685768326968,-0.000614486309195
-18.5151018121,-4.84304703815,0.554878181261,0.00176952931458,-0.00695074591957,0.000390890429951
-18.4270425765,-5.06592207322,0.557336431802,0.00173507479411,-0.00707256998428,0.000229175421009
-18.3682691018,-5.21374234802,0.558965853287,0.0019059564414,-0.00709692456043,-0.000520867025605
-18.3116496411,-5.35515319869,0.559965314105,0.00152154639722,-0.00711981464091,6.36764507031e-05
-18.2486020278,-5.50691875144,0.561411366355,0.00147809636875,-0.00707172299522,0.000323024598626
-18.1842455884,-5.65600698853,0.562618153049,0.00127736811697,-0.00706715723844,0.000236445696646
-18.0927741004,-5.86125475308,0.564804182581,0.00131413928559,-0.00687897679845,-0.000769676665718
-18.0251644162,-6.00979795739,0.566228455344,0.00131580737594,-0.00708843437407,-0.000343441489608
-17.9293397831,-6.22039986654,0.56802858523,0.001016559616,-0.00711545591085,0.000838301701805
-17.8592507218,-6.36708759291,0.569484812215,0.000818292721116,-0.00715627719226,0.000749799943111
-17.7548830758,-6.57589382682,0.571762019329,0.000882908565058,-0.00703693895259,-0.000681931490242
-17.6521157013,-6.78558613504,0.573526408012,0.000617439536364,-0.007105905627,7.50624430556e-05
-17.5739803189,-6.94077761349,0.57457732983,0.00049096400421,-0.00728162239119,0.000579579823907
-17.4620093765,-7.15215472559,0.576962375083,0.000445852260501,-0.007439437089,-9.90113990369e-05
-17.3887254854,-7.29105430914,0.578136170857,0.000241775191015,-0.00721159089346,-0.000101005970142
-17.3141484059,-7.43389186942,0.578891370815,-0.000174450682718,-0.00706382511848,0.000905270031585
-17.19808399,-7.64093826132,0.580792008246,-0.000128870270532,-0.00737179215431,0.000734367486528
-17.0845921709,-7.84089406215,0.582714390372,-2.73497091817e-05,-0.00735804645281,0.000400218085024
-17.0107038679,-7.96983167519,0.583743448905,-0.0002871032964,-0.00707999867252,0.0003960108124
-16.9265088578,-8.11317776236,0.584677717189,-0.000498291220403,-0.00721857859809,0.000640638979841
-16.8361747469,-8.26145296123,0.586119891244,-0.000382503369851,-0.00724356106802,0.000220065110932
-16.7258436873,-8.44193341301,0.587707472727,-0.0005288979371,-0.00730436413812,0.00046725036072
-16.6428318369,-8.57590088032,0.588615004912,-0.000808934227003,-0.00722188011473,0.000627503865236
-16.5610025511,-8.70333291055,0.589718449213,-0.000842442805498,-0.00711707250118,0.000287843795718
-16.4700630517,-8.84407445633,0.590753773461,-0.00114156703067,-0.00709051242336,-0.000147399218136
-16.3861708349,-8.9676118866,0.592350233623,-0.000628977906576,-0.00741938832881,0.000116076044783
-16.2936402427,-9.10606865471,0.593322833378,-0.00108601482393,-0.00717532867949,0.00027214272458
-16.1619695159,-9.29555900127,0.594901115316,-0.00134053135362,-0.00708233885269,0.000176457947682
-16.0255445781,-9.48733670254,0.596628959833,-0.00144118297839,-0.00710820127744,-0.000256035607726
-15.9068589765,-9.65221072286,0.598067777011,-0.00142602731661,-0.00723618617733,0.000415160980883
-15.8150157878,-9.7809814986,0.598732755752,-0.00196790319556,-0.00701298535508,0.000906509109338
-15.7164147594,-9.90925343971,0.599947659704,-0.00179161244682,-0.00714108521263,0.000311807282474
-15.6178378576,-10.0370905284,0.601427782634,-0.00172289317689,-0.00716881270204,-0.000115122744613
-15.4735647091,-10.2258358868,0.602703826929,-0.0021059955202,-0.00675704664684,0.000890723184787
-15.3791215979,-10.3452151269,0.603929095268,-0.00206753057682,-0.00689519489742,0.000637686403409
-15.2720883434,-10.4760721998,0.604905655912,-0.00214288154712,-0.00712406033358,0.000284994975014
-15.1276872975,-10.6528438596,0.606163276923,-0.00225771243917,-0.00691859952449,-6.2008557241e-05
-15.0255361034,-10.777834416,0.607241660841,-0.00252402117258,-0.00668779670524,0.000436856869199
-14.9216725092,-10.8993054258,0.608301798574,-0.00251991372336,-0.00656647000373,0.000517662685806
-14.7613165813,-11.0817524816,0.609941694145,-0.00256434096998,-0.00674548304836,-0.000600513062095
-14.664592184,-11.1916523868,0.610581789715,-0.00291692730506,-0.00672121363417,6.04292351085e-05
-14.5526003054,-11.3173677175,0.611495711676,-0.00306645787917,-0.00657265535697,0.000475051000642
-14.4504223964,-11.4270837698,0.612718601335,-0.00293177618299,-0.00665683737597,0.000639023416817
-14.3395151056,-11.5433277972,0.614166943672,-0.0026124692212,-0.00674246774764,0.000553219900482
-14.2295819933,-11.6579010499,0.614762668626,-0.0031523211647,-0.00647336998542,0.000196060545873
-14.1221384354,-11.7703393412,0.615392056388,-0.0035609469237,-0.00628114373061,0.000434533806351
-14.0079659588,-11.8857216961,0.616683474821,-0.00342211782053,-0.00649176998107,0.000847985860062
-13.8988397121,-11.9937398303,0.617933605365,-0.00336395469835,-0.00660035828849,0.000244792735934
-13.7866284295,-12.1034197852,0.618746693949,-0.00361429440614,-0.00644047998126,0.000486442109567
-13.6539048889,-12.231278469,0.619701577054,-0.00405193383372,-0.00630506272775,0.000550971163373
-13.5177985039,-12.3562413359,0.621476726476,-0.00363752527265,-0.00639434068747,4.02431381767e-05
-13.3968688891,-12.4689187436,0.622528206415,-0.00387108613829,-0.00614094482149,0.000199170443999
-13.2792955463,-12.5768664772,0.623170248119,-0.00410202297773,-0.00589716201878,0.00120574055959
-13.1568488777,-12.6840719103,0.624120105821,-0.00412444004758,-0.00605323947597,0.000257968840968
-13.0379910543,-12.7887639503,0.625006664162,-0.00430833579967,-0.00594562588488,0.000753651505989
-12.8653918397,-12.9343675466,0.626777473085,-0.00419840548449,-0.00606883422683,0.000229254381545
-12.7476281884,-13.0371948391,0.627156709679,-0.00483401656316,-0.00560333104946,0.00123108532014
-12.6320237995,-13.1310733086,0.628536566126,-0.00461173789655,-0.00553768653344,0.000211323825294
-12.469622554,-13.2619437142,0.630087733278,-0.00438408719053,-0.00562883508875,-0.000139207931922
-12.3459943914,-13.3599917256,0.630961060071,-0.00459047535579,-0.00555585515101,0.000269698923159
-12.2163079845,-13.4604587739,0.631479351077,-0.00480072454577,-0.00563005701401,0.00186022443375
-12.0345666592,-13.5996941177,0.633093531571,-0.00488771512703,-0.00537827445304,0.000407448889368
-11.9024940651,-13.6990582123,0.634127893738,-0.00479468418544,-0.00527471605193,0.00040027062697
-11.787992819,-13.7833673294,0.635119689628,-0.00499622798444,-0.00532275677515,0.000552663018612
-11.653935796,-13.8812661132,0.635936344353,-0.00523397463809,-0.00512947115917,-5.3371792299e-05
-11.5370288823,-13.9617839626,0.637267401652,-0.00498634738965,-0.00507722157616,-0.000141625938084
-11.4037738356,-14.0531310285,0.638444192616,-0.005060996854,-0.00512239448934,0.000266444843992
-11.2722968528,-14.1444865152,0.639131553565,-0.00532005665822,-0.00489134998775,0.000678350113591
-11.141501696,-14.2310858277,0.639892698902,-0.00554769264066,-0.00465077202905,0.000752656996924
-11.0080227899,-14.3182897806,0.640712528715,-0.00555707326414,-0.00476313792486,0.00065191232781
-10.8751518111,-14.4034493789,0.642135264589,-0.00535232172236,-0.00501896940527,0.000297564757044
-10.7281926834,-14.4956256105,0.643081600681,-0.00562118030155,-0.00465345891834,0.000288790216733
-10.5855921421,-14.5850431581,0.643982508827,-0.00573656503767,-0.00442540579492,2.5642640116e-05
-10.4638106499,-14.6573573205,0.64480063798,-0.00575087227503,-0.00438241975042,0.000354373608566
-10.3239814588,-14.7390978053,0.646166670101,-0.00562465592143,-0.00428303645426,8.42178852048e-06
-10.1954618359,-14.8124574077,0.647064584896,-0.00573773862402,-0.00412339557873,0.000592382746053
-10.0622709683,-14.887486271,0.647922674443,-0.00588378708581,-0.00399834948272,0.000242169817377
-9.92204809613,-14.9664871378,0.648795688717,-0.00615923217994,-0.00376536974045,-0.00010786314976
-9.78201092777,-15.0408722004,0.650249676728,-0.00594104273711,-0.00408095781442,-0.000549219807253
-9.64517287136,-15.1135608539,0.651359873563,-0.00611080356515,-0.00390693709287,0.000542312630168
-9.49739018785,-15.1904746706,0.652171702022,-0.00617939309521,-0.00370986482228,0.000449413768388
-9.35924851624,-15.2605768966,0.65299804828,-0.00643922553944,-0.00356271106188,0.00103019587559
-9.2139274472,-15.3319263031,0.654355047523,-0.00604144381431,-0.0036961704874,0.0002586333736
-9.07190439686,-15.4001429495,0.655389155802,-0.0061498283836,-0.00357387964309,0.000333121523755
-8.86680922252,-15.4985275952,0.656535685696,-0.00654459367654,-0.00319485171276,0.000320712846037
-8.71941614685,-15.5653696158,0.65785560954,-0.00637505830958,-0.00315003171961,0.000143765263844
-8.58164025523,-15.6274437682,0.658885935978,-0.00621049250707,-0.00312072392197,0.000136444167035
-8.43376303239,-15.691141694,0.659965239342,-0.00634450352819,-0.00292026003469,0.000552417080695
-8.29979492802,-15.7488904324,0.660659385393,-0.00687185066806,-0.00262737439041,0.00138959393839
-8.15198851715,-15.8108251199,0.661926005578,-0.00675111250196,-0.00248934883179,0.000113820536449
-8.00417741218,-15.8692914955,0.663433866126,-0.00638141841731,-0.00272489677578,-0.000407271738085
-7.85479854731,-15.9302827221,0.663956158794,-0.00651586855683,-0.00236911892619,0.000183982029069
-7.71186674428,-15.9843438019,0.664807389686,-0.00668463516011,-0.00226167384157,0.000343772677538
-7.54411671024,-16.0471276889,0.665976961187,-0.00657844821855,-0.00207354182717,-0.000168806479234
-7.33513494474,-16.1233414889,0.667746001377,-0.00664127314258,-0.00214732869313,0.000321425045024
-7.11384477506,-16.201860578,0.669187968597,-0.0069089271574,-0.00191176312503,0.000225372663748
-6.96446483592,-16.2531110734,0.66976744044,-0.00714521889777,-0.00178487553966,0.000724589702226
-6.81535205001,-16.301204386,0.670706736613,-0.00691799213501,-0.00171299410854,0.000805375074022
-6.6653457172,-16.3511127958,0.671974901569,-0.00666690958839,-0.00165199967787,-0.000215424454494
-6.52330021358,-16.3948048261,0.67277821497,-0.00678754477577,-0.00161328580553,0.000283731980565
-6.36617033642,-16.4429812664,0.673396646331,-0.00705338483024,-0.00133928571708,2.5738102496e-05
-6.21598078812,-16.4861210013,0.674617865224,-0.00695539347665,-0.00126075642729,0.000359844977717
-6.06588053707,-16.5278351214,0.675867135875,-0.00680847728799,-0.00111206873271,0.000273553412788
-5.91141942551,-16.5703412499,0.676775624719,-0.0068915943743,-0.00101788773965,1.2919604384e-05
-5.75855728938,-16.6111420167,0.677619639153,-0.00712241982934,-0.000757150249025,1.083418834e-05
-5.60934944048,-16.6484292891,0.678706332714,-0.00694943459552,-0.000686184952063,0.000600690735092
-5.45387376735,-16.6857763577,0.679681760423,-0.00688359237539,-0.000593541558911,-0.000165671416036
-5.2996776245,-16.7209879654,0.680530214699,-0.00666194772597,-0.00047549794731,-0.000590255082604
-5.1403791112,-16.7570399712,0.681539347685,-0.00706016912546,-0.000417204296722,-0.000176409196921
-4.91469707331,-16.8040587773,0.683053813734,-0.00723843218017,-0.000170488502561,0.000582979123056
-4.67723318312,-16.8523023454,0.684412565763,-0.00676511455312,-0.000108851689918,-0.000521505860898
-4.44181533914,-16.8981781848,0.685654637775,-0.0068878356216,0.000206957541459,-9.73939420163e-05
-4.21026847706,-16.9407848185,0.686927736544,-0.00700788617064,0.000337666474008,0.000575409366955
-3.98771249383,-16.9796586424,0.688114434057,-0.00684098035705,0.000484895435638,0.00015075261036
-3.83680547672,-17.004062279,0.688828576302,-0.00686439209376,0.000532214992092,0.000232148557344
-3.68639497621,-17.0273760044,0.689444170007,-0.00682828874835,0.000670889607404,0.000656348462332
-3.52180025224,-17.0520158506,0.690072512441,-0.00705065975572,0.000694475283046,0.000396681385382
-3.35777675022,-17.0745943225,0.690799705582,-0.00688919985561,0.000876591337156,0.000145794166664
-3.20576628852,-17.0928761656,0.691740755366,-0.00682358741863,0.000844371602759,0.000141543987278
-3.04183738165,-17.1109271273,0.692685091204,-0.00651622005666,0.00091329895374,0.000481240129744
-2.89668751667,-17.1272120899,0.693330373074,-0.00677341544361,0.00102689733403,0.000141819033729
-2.66361941871,-17.1501794075,0.694270060794,-0.00684560188952,0.00143099883495,0.00015160092916
-2.50722670046,-17.1643338348,0.694884940782,-0.00673412652889,0.00156613535475,-0.00035376194242
-2.34596812913,-17.1761541207,0.695980645394,-0.00641434458938,0.00156896667233,-0.000184761479775
-2.19049178019,-17.1867168137,0.696819496559,-0.00651393810099,0.00162101426652,6.89853808046e-05
-2.03364032207,-17.1967042164,0.697210766575,-0.00678127106545,0.00199018248721,0.000418344927067
-1.87478494108,-17.205653641,0.69773161341,-0.00694063604204,0.00213006131976,0.000252088504755
-1.7242226874,-17.2096669229,0.698669301352,-0.00647267307898,0.00220378962156,0.000255839667173
-1.51185243353,-17.2155178995,0.70039615809,-0.00610236210649,0.00205528037304,0.000674785537752
-1.31608427412,-17.2212804228,0.70078374722,-0.00652212813495,0.00239977014261,-0.000331044125464
-1.08854800954,-17.2236199372,0.701600156363,-0.0064431314472,0.00269749941822,-6.56198295108e-05
-0.86614590368,-17.2239040739,0.702687303063,-0.00616984446686,0.00281452541156,-0.000314007195113
-0.70934300325,-17.2224929541,0.703532808678,-0.00610509692365,0.00271374330268,-0.0006552660706
-0.547113834182,-17.220901282,0.70379437393,-0.00632395204441,0.00286145633695,-0.000479490428031
-0.396468218348,-17.2162849313,0.704436368122,-0.00622528117433,0.00308604122537,-0.0006391174893
-0.242554140572,-17.2091858122,0.70492178464,-0.00598667655132,0.00322972410341,0.000300076102586
-0.0864384322765,-17.2032553389,0.705642730886,-0.00595618219334,0.00324710904161,-0.000459504432734
0.0676804310888,-17.1949141808,0.706332842771,-0.00594247590201,0.00325513871527,-0.000456639583109
0.236787555615,-17.1851394854,0.706904264826,-0.00586901695843,0.00325720239571,-0.000368795714309
0.390513417353,-17.1721016187,0.707732644454,-0.00562544201982,0.00326862042512,0.000481865661766
0.541430208115,-17.1608977537,0.707925340955,-0.00591312285934,0.00364980312768,0.000414290058952
0.704609381838,-17.1466564968,0.708641437427,-0.00566375903575,0.00361360565268,-6.93432049336e-06
0.862999054642,-17.1306039885,0.709388370036,-0.00581996548868,0.00384414272975,-0.000756722923446
1.02211183703,-17.1113770282,0.710268229453,-0.0053383638889,0.00376451495134,-0.000162919455508
1.17573343845,-17.0927894972,0.710904459921,-0.00539896096601,0.00385130997377,1.43184488967e-05
1.37174170018,-17.0674070897,0.711616029478,-0.00537065955893,0.00406632931041,-0.00014133303086
1.56188439114,-17.0404657014,0.712062177941,-0.00538564515212,0.0043641056077,-3.95772212223e-05
1.73182038937,-17.013196937,0.713211367679,-0.00509437115041,0.00440477246722,-0.000202278167503
1.88268641167,-16.9897955064,0.713853655766,-0.00500494030217,0.00437369944959,-0.00028274764547
2.03038333395,-16.9648020277,0.714611670507,-0.00480842965755,0.00451605690291,-0.000526859632907
2.18489752717,-16.9369866195,0.714909641766,-0.00486017715351,0.00481587796745,-0.000425138544997
2.34031468697,-16.9080987533,0.715642711077,-0.00484121578649,0.00477244418317,0.000257635003906
2.49990064077,-16.8765659528,0.71619434929,-0.00497744123738,0.00479219253448,0.000266115578109
2.65763535591,-16.8434756575,0.716807485427,-0.00459669315063,0.00469012537833,0.000521960913092
2.81228673963,-16.8100108287,0.717547327351,-0.00447982974078,0.00487678228226,-0.00014250072567
2.96365757279,-16.7750931439,0.71803960824,-0.00432965259687,0.00503458287987,-0.000469335479674
3.12047253605,-16.7384141352,0.718769141427,-0.00452889602089,0.0049191981891,-0.00046404406718
3.27085073488,-16.6984663553,0.719539982001,-0.00416776533401,0.00501623293845,0.000307340248926
3.4228052419,-16.6587446174,0.720051040862,-0.00423077337174,0.00521044322588,-1.61818884423e-05
3.57395899102,-16.6168556096,0.720627677111,-0.00415819983639,0.00550118946669,0.000340590215804
3.73229732196,-16.5738139368,0.721349725352,-0.00405969665059,0.00536725299605,-0.000164068758393
3.95175778339,-16.5106554684,0.722284891332,-0.00397825325086,0.00534756277366,0.000186302005013
4.10653437528,-16.4650935713,0.722902809525,-0.00360177486019,0.00532806773967,-0.000147098516806
4.26585612494,-16.41381059,0.72358850148,-0.00324622664635,0.00540110461368,0.000370318495833
4.41650487689,-16.3670560947,0.723991653785,-0.00362229778113,0.00562796651539,5.18779990289e-05
4.62798588644,-16.2963376636,0.724622943572,-0.00399650249162,0.00589630792201,0.000416963764085
4.77674795352,-16.2435011669,0.72545499544,-0.00316232211425,0.0058566610159,-9.09089736294e-05
4.92147906914,-16.1925019046,0.726027664649,-0.0030328839624,0.00587865775472,2.79868650496e-06
5.07226702289,-16.1381280343,0.726704350185,-0.00315531253748,0.00584249685999,-0.000495224753419
5.22365907484,-16.0823684157,0.727213158809,-0.00301265145226,0.00571164134116,-0.00049073611582
5.36461111782,-16.0276866257,0.727455788547,-0.00275707540363,0.0058200801958,-5.66414354315e-05
5.51173218039,-15.9683437973,0.728236876044,-0.00265527981203,0.00605812495647,-0.000547756205405
5.65487292597,-15.9109290102,0.728838651442,-0.00282118093644,0.00594611076955,-0.000624025054673
5.80128557111,-15.8479563901,0.729424662827,-0.00271487592185,0.00587762834764,0.000145588221485
5.95216733273,-15.7810428888,0.729907127771,-0.00249222765196,0.00628539414417,-8.68346901232e-05
6.09137494947,-15.7221449169,0.730575448331,-0.00231439442366,0.00620211591741,-0.000759190934707
6.23807145528,-15.6563828097,0.731121097029,-0.00248360085731,0.00633668313636,-0.000402857051012
6.40250795559,-15.5792798917,0.732080954049,-0.0020962527043,0.0059973119418,-0.000321690811557
6.55291514373,-15.5081705622,0.732318013708,-0.00170926221154,0.00620511619557,-0.000732385364993
6.76067014507,-15.4060805451,0.733154446304,-0.00181067777064,0.006299718137,-0.000203813149245
6.90342009103,-15.3346011315,0.73393658657,-0.00184764516575,0.00630653172974,0.0002315564771
7.05509378558,-15.254972597,0.73436863736,-0.00175027921039,0.0065076330889,0.000502483548384
7.25416835479,-15.1504624491,0.735110125964,-0.00135508457687,0.00646450954758,0.000256707840334
7.39276425178,-15.0772301267,0.735465776463,-0.00137588716722,0.00626516817253,0.000176956281894
7.58941809089,-14.9686067448,0.736111229907,-0.00131467879085,0.00641231258034,0.000450295891001
7.79049225853,-14.8567623765,0.73659357278,-0.00088338396991,0.00646073657196,-0.000640387285055
7.94140920172,-14.7700334113,0.737046059483,-0.000793101994803,0.00641038633672,-0.00105497477325
8.12994238393,-14.6579902614,0.737947573208,-0.000651914160178,0.00638762661756,-0.000280661052387
8.27042071535,-14.5739376397,0.737952965095,-0.000378039922633,0.00648107204565,-0.000356139449552
8.43461377404,-14.4731383967,0.738350543684,-0.000493276205294,0.00648688402226,-2.17417615757e-06
8.57221245163,-14.3874414749,0.738672384822,-0.000512232257036,0.00649169024585,9.39472156465e-05
8.70057560604,-14.3046641693,0.738976615979,-0.000396208861103,0.00665368546775,0.000191552073765
8.83829466813,-14.2115830776,0.739453543474,-3.44155323639e-05,0.00684645427312,-0.000222000134959
8.979205632,-14.1184919566,0.739833760842,0.000163193232378,0.00652217077034,-0.000139422371575
9.17192990948,-13.986721202,0.740309465763,0.000230016836504,0.00632580167492,-0.000216050142588
9.30259463286,-13.8949512558,0.740587668662,0.000500415212422,0.00626860355848,0.000210778206146
9.49707445214,-13.756776256,0.740793349472,0.000426273376034,0.00668470887888,-0.000777406073652
9.67642154661,-13.6278151955,0.741315243151,0.000528567836913,0.00642962522826,-0.00119649837591
9.80380342495,-13.5335790573,0.741274676946,0.000945179675735,0.00633484298826,-0.000181577149469
9.93466940379,-13.4337922144,0.741437867969,0.00121588947888,0.00628748442041,0.000160106587402
10.051038687,-13.3424770844,0.741838245101,0.00117130183586,0.00626206791552,0.000168932319684
10.1847723994,-13.2370420101,0.742298231105,0.00105475994903,0.00640117824328,0.000269675325381
10.3019458499,-13.1412395979,0.742318402176,0.00136353056803,0.00634283428365,1.58332986333e-05
10.4197959689,-13.0454883386,0.742169039158,0.00133467230577,0.0062909727567,-0.000315406167263
10.5459988531,-12.9403753784,0.742390255306,0.00141443190737,0.00624385322516,-0.000224801917563
10.6678286826,-12.8359480697,0.742694458953,0.00137057372068,0.00614882534255,0.00012091882433
10.7822029648,-12.7350132143,0.742935444339,0.00144790266728,0.00625639254206,0.000383953625333
10.8948968405,-12.6323126481,0.743323714987,0.0017045549984,0.00650047284872,0.000476801031988
